{
  "aws": {
      "config": "",
      "log_level": 5,
      "region": "us-east-1"
  },
    "db": {
        "backyard_counter": {
            "TableName" : "backyard_counter",
            "AttributeDefinitions": [
                { "AttributeName": "topic", "AttributeType": "S" },
                { "AttributeName": "timestamp", "AttributeType": "S" }
            ],
            "KeySchema": [
                { "AttributeName": "topic", "KeyType": "HASH" },
                { "AttributeName": "timestamp", "KeyType": "RANGE" }
            ],
            "ProvisionedThroughput": {
              "ReadCapacityUnits": 2,
              "WriteCapacityUnits": 2
          }
        }
    }
}
